{
  "poseId": "YES_auth_04",
  "signName": "YES",
  "frameFraction": 1,
  "sourceGlb": "",
  "avatarVersion": "ed9f8934",
  "generatorVersion": "authorSignKeyframes@1.1.0",
  "extractedAt": "2026-07-02T00:46:54.751Z",
  "notes": "CODE-AUTHORED (experiment: model-authored keyframes, no Blender source). Wrist back up — sign complete.",
  "bones": {
    "mixamorig:RightArm": {
      "rotation": [
        0.6830070587006131,
        -0.07114400235508778,
        -0.23163611091202074,
        0.6890463532402159
      ],
      "translation": [
        2.384185791015625e-7,
        12.922285079956055,
        -0.000017762424249667674
      ]
    },
    "mixamorig:RightForeArm": {
      "rotation": [
        -0.10147578921997524,
        0.11404895997246442,
        -0.7472218298879494,
        0.6468048933548249
      ],
      "translation": [
        -5.502370186150074e-7,
        27.4046688079834,
        -0.0000124437556223711
      ]
    },
    "mixamorig:RightHand": {
      "rotation": [
        0.007518105548226184,
        0.014438020911135524,
        -0.17288370917283805,
        0.9848088880797828
      ],
      "translation": [
        0.00001291496755584376,
        27.61445426940918,
        -0.000007573439233965473
      ]
    },
    "mixamorig:RightHandThumb1": {
      "rotation": [
        -0.02614879488780013,
        -0.05909519777729315,
        -0.21604366797969893,
        0.9742428914036487
      ],
      "translation": [
        3.002974510192871,
        3.7888007164001465,
        2.1671597957611084
      ]
    },
    "mixamorig:RightHandThumb2": {
      "rotation": [
        -0.27754663247249034,
        -0.19757687017341563,
        0.030072372422831437,
        0.9396951099543507
      ],
      "translation": [
        -0.0000012516975402832031,
        4.744964122772217,
        -2.0936946043548232e-7
      ]
    },
    "mixamorig:RightHandThumb3": {
      "rotation": [
        -0.17564497141590724,
        -0.1250317931769907,
        0.01903173022429282,
        0.9762959018435007
      ],
      "translation": [
        -0.0000040531158447265625,
        4.382140636444092,
        0.000027271311410004273
      ]
    },
    "mixamorig:RightHandIndex1": {
      "rotation": [
        -0.5645060908949143,
        -0.10160010224232893,
        -0.0004298348190979271,
        0.8191520663658622
      ],
      "translation": [
        2.822042465209961,
        12.266608238220215,
        0.2318284660577774
      ]
    },
    "mixamorig:RightHandIndex2": {
      "rotation": [
        -0.7256172045546394,
        -0.13059750062296588,
        -0.0005445420030798806,
        0.6755913474719842
      ],
      "translation": [
        5.528778501684428e-8,
        3.8919670581817627,
        0.000008883707778295502
      ]
    },
    "mixamorig:RightHandIndex3": {
      "rotation": [
        -0.49209357256532127,
        -0.08856539876384044,
        -0.00037110232663215096,
        0.8660253739150883
      ],
      "translation": [
        -0.000012591364793479443,
        3.415163040161133,
        0.000003824112809525104
      ]
    },
    "mixamorig:RightHandMiddle1": {
      "rotation": [
        0.5645076001882495,
        0.10159764460604795,
        0.0004255517614361338,
        0.8191513333002755
      ],
      "translation": [
        0.0000169680206454359,
        12.775520324707031,
        0.00001881594471342396
      ]
    },
    "mixamorig:RightHandMiddle2": {
      "rotation": [
        0.7256187016413899,
        0.13059423171373638,
        0.0005473499692549163,
        0.6755903691434842
      ],
      "translation": [
        -1.343523763353005e-7,
        3.613954782485962,
        -1.7462235746279475e-7
      ]
    },
    "mixamorig:RightHandMiddle3": {
      "rotation": [
        0.49209306725951457,
        0.08856515760847825,
        0.0003712367608175296,
        0.8660256856447736
      ],
      "translation": [
        -0.000029770186301902868,
        3.459754705429077,
        -0.000005064690412837081
      ]
    },
    "mixamorig:RightHandRing1": {
      "rotation": [
        0.5645072797489168,
        0.10160011779106519,
        0.0004218979987039475,
        0.8191512492833212
      ],
      "translation": [
        -2.2166316509246826,
        12.146993637084961,
        -0.009997870773077011
      ]
    },
    "mixamorig:RightHandRing2": {
      "rotation": [
        0.7256182996096024,
        0.13059482408232956,
        0.0005527000399211769,
        0.6755906821309563
      ],
      "translation": [
        7.847174856578931e-7,
        3.601189613342285,
        -0.0000017232340496775578
      ]
    },
    "mixamorig:RightHandRing3": {
      "rotation": [
        0.4920941445308628,
        0.08856164372007486,
        0.00037118621277650135,
        0.8660254328833744
      ],
      "translation": [
        -9.768036761670373e-7,
        3.307317018508911,
        -0.0000055877417253213935
      ]
    },
    "mixamorig:RightHandPinky1": {
      "rotation": [
        -0.5645053269037265,
        -0.10159916553190108,
        -0.00042838963692517465,
        0.819152709788562
      ],
      "translation": [
        -4.725833892822266,
        10.908174514770508,
        0.22613176703453064
      ]
    },
    "mixamorig:RightHandPinky2": {
      "rotation": [
        -0.7256196097018344,
        -0.13059057596375828,
        -0.0005402309040406258,
        0.6755901063109665
      ],
      "translation": [
        -9.932205102813896e-7,
        4.136649131774902,
        -0.000005294622951623751
      ]
    },
    "mixamorig:RightHandPinky3": {
      "rotation": [
        -0.4920937630128559,
        -0.0885628365954233,
        -0.00038032361706561736,
        0.8660255237830895
      ],
      "translation": [
        2.8968133847229183e-7,
        2.594838857650757,
        -0.000008888384400052018
      ]
    }
  }
}